{"boundaryID": "IRN-ADM3-9664099", "boundaryISO": "IRN", "boundaryYear": "2017", "boundaryType": "ADM3", "boundarySource": "OpenStreetMap, Wambacher", "boundaryCanonical": "Bakhsh", "boundaryLicense": "Open Data Commons Open Database License 1.0", "licenseDetail": "Open Data Commons Open Database License 1.0", "licenseSource": "https//www.openstreetmap.org/copyright", "boundarySourceURL": "https//wambachers-osm.website/boundaries/", "sourceDataUpdateDate": "Thu Jan 19 07:31:04 2023", "buildDate": "Dec 12, 2023", "admUnitCount": "1076", "meanVertices": "433.0", "minVertices": "4", "maxVertices": "7238", "meanPerimeterLengthKM": "192.61800704405786", "maxPerimeterLengthKM": "1002.9492980978359", "minPerimeterLengthKM": "0.24631748883212704", "meanAreaSqKM": "1504.5185835670275", "minAreaSqKM": "5.217271829243691e-05", "maxAreaSqKM": "29447.753613487715"}